p (r/min),w (rad/s)
0,0
0,0
0,0
0,0
0,0
0,0
0,0
0,0
0,0
0,0
0,0
0,0
0,0
0,0
0,0
0,0
0,0
0,0
0,0
0,0
0,0
0,0
0,0
0,0
0,0
0,0
0,0
0,0
0,0
0,0
0,0
0,0
0,0
0,0
0,0
0,0
0,0
0,0
0,0
0,0
0,0
0,0
0,0
0,0
0,0
0,0
0,0
0,0
0,0
0,0
0,0
0,0
0,0
0,0
0,0
0,0
0,0
0,0
0,0
0,0
0,0
0,0
0,0
0,0
0,0
0,0
0,0
0,0
0,0
0,0
0,0
0,0
0,0
0,0
0,0
0,0
0.055,0.0010472
0.00916667,0.000174533
0.375833,0.00715585
0.6875,0.01309
0,0
-0.77,-0.0146608
1.98,0.0376991
-0.935,-0.0178024
-1.22833,-0.0233874
2.18167,0.0415388
-0.715,-0.0136136
-1.155,-0.0219911
2.15417,0.0410152
-1.53083,-0.029147
0.595833,0.0113446
-0.916667,-0.0174533
0.1925,0.00366519
2.38333,0.0453786
-1.49417,-0.0284489
0.623333,0.0118682
0.339167,0.00645772
-1.41167,-0.0268781
2.76833,0.0527089
-2.2825,-0.0434587
0.559167,0.0106465
-1.045,-0.0198968
-0.999167,-0.0190241
1.47583,0.0280998
-0.751667,-0.0143117
1.54917,0.0294961
-2.23667,-0.042586
0.495,0.00942478
0.495,0.00942478
0.2475,0.00471239
1.77833,0.0338594
-0.669167,-0.0127409
-0.669167,-0.0127409
-0.650833,-0.0123918
1.52167,0.0289725
-0.935,-0.0178024
1.7325,0.0329867
-1.43,-0.0272271
0.889167,0.0169297
-0.476667,-0.00907571
-0.33,-0.00628319
0.531667,0.0101229
-1.22833,-0.0233874
2.5575,0.0486947
-0.201667,-0.00383972
2.0625,0.0392699
-0.055,-0.0010472
1.595,0.0303687
1.595,0.0303687
-0.366667,-0.00698132
-0.174167,-0.00331613
0.265833,0.00506145
-0.449167,-0.00855211
-0.0916667,-0.00174533
1.8425,0.0350811
-1.90667,-0.0363028
-1.90667,-0.0363028
-1.69583,-0.0322886
1.375,0.0261799
-1.88833,-0.0359538
-1.88833,-0.0359538
-2.16333,-0.0411898
2.41083,0.0459022
-1.68667,-0.0321141
2.31,0.0439823
-1.79667,-0.0342085
-1.79667,-0.0342085
-1.6775,-0.0319395
-1.6775,-0.0319395
-1.87,-0.0356047
-0.1375,-0.00261799
-0.119167,-0.00226893
-0.119167,-0.00226893
-1.13667,-0.0216421
-0.935,-0.0178024
-0.1925,-0.00366519
-1.8975,-0.0361283
1.86083,0.0354302
-1.6775,-0.0319395
2.48417,0.0472984
-0.99,-0.0188496
-0.99,-0.0188496
0.1925,0.00366519
6.50833,0.123918
12.5767,0.239459
12.65,0.240855
9.05667,0.172439
14.2817,0.271922
10.835,0.206298
10.6975,0.20368
13.1817,0.250978
9.79917,0.186576
11.5042,0.219039
16.0783,0.306131
10.3033,0.196175
13.2367,0.252026
13.3925,0.254993
9.45083,0.179943
15.2258,0.289899
13.5117,0.257262
11.9992,0.228464
12.5308,0.238587
13.2183,0.251676
3.41917,0.0651008
2.53917,0.0483456
1.22833,0.0233874
-0.3575,-0.00680678
0.4125,0.00785398
0.815833,0.0155334
-1.65917,-0.0315905
1.9525,0.0371755
0.5225,0.00994838
1.6225,0.0308923
1.72333,0.0328122
1.0725,0.0204204
3.06167,0.058294
-0.806667,-0.0153589
2.46583,0.0469494
-0.623333,-0.0118682
2.51167,0.047822
-1.43917,-0.0274017
2.65833,0.0506145
3.61167,0.068766
9.74417,0.185528
16.5917,0.315905
11.1192,0.211708
12.595,0.239808
14.4008,0.274191
13.6125,0.259181
10.7067,0.203854
7.59917,0.144688
7.27833,0.138579
-1.65,-0.0314159
-0.256667,-0.00488692
0.6875,0.01309
0.6875,0.01309
-0.559167,-0.0106465
0.348333,0.00663225
0.348333,0.00663225
0.999167,0.0190241
0.999167,0.0190241
-0.779167,-0.0148353
-0.779167,-0.0148353
0.495,0.00942478
0.11,0.0020944
0.201667,0.00383972
0.99,0.0188496
0.9075,0.0172788
0.540833,0.0102974
0.485833,0.00925025
-0.210833,-0.00401426
0.760833,0.0144862
1.5125,0.0287979
14.0525,0.267559
16.4267,0.312763
12.0908,0.230209
12.0908,0.230209
6.41667,0.122173
0.99,0.0188496
0.0825,0.0015708
1.8425,0.0350811
-1.98917,-0.0378736
3.245,0.0617847
-2.57583,-0.0490438
2.90583,0.0553269
0.201667,0.00383972
2.19083,0.0417134
1.82417,0.0347321
-2.26417,-0.0431096
1.76,0.0335103
-1.815,-0.0345575
2.915,0.0555015
0.834167,0.0158825
-0.605,-0.0115192
1.43,0.0272271
-0.935,-0.0178024
0.9625,0.018326
0.485833,0.00925025
0.476667,0.00907571
0.788333,0.0150098
0.33,0.00628319
0.916667,0.0174533
0.44,0.00837758
0.44,0.00837758
1.1275,0.0214675
-0.2475,-0.00471239
1.815,0.0345575
0.8525,0.0162316
-0.284167,-0.00541052
0.586667,0.0111701
1.58583,0.0301942
5.81167,0.110654
6.47167,0.12322
13.9058,0.264766
12.6225,0.240332
10.56,0.201062
11.9167,0.226893
15.5833,0.296706
8.61667,0.164061
11.385,0.21677
9.8175,0.186925
7.6725,0.146084
-0.825,-0.015708
-0.825,-0.015708
3.52917,0.0671952
1.8425,0.0350811
4.07917,0.0776672
-3.74917,-0.071384
-3.74917,-0.071384
3.37333,0.0642281
-1.57667,-0.0300197
2.13583,0.0406662
-1.25583,-0.023911
1.50333,0.0286234
0.806667,0.0153589
-2.86917,-0.0546288
-0.5225,-0.00994838
0.458333,0.00872665
-1.25583,-0.023911
-1.25583,-0.023911
-1.21917,-0.0232129
0.944167,0.0179769
1.65917,0.0315905
1.65917,0.0315905
0.495,0.00942478
-0.1925,-0.00366519
0.201667,0.00383972
0.669167,0.0127409
4.9225,0.0937242
7.29667,0.138928
14.9967,0.285536
10.9267,0.208043
12.1092,0.230558
11.4492,0.217992
6.765,0.128805
-2.08083,-0.039619
1.375,0.0261799
2.2275,0.0424115
-2.3375,-0.0445059
3.01583,0.0574213
1.045,0.0198968
-2.04417,-0.0389208
3.245,0.0617847
-1.88833,-0.0359538
3.29083,0.0626573
-1.38417,-0.0263545
-3.84083,-0.0731293
4.32667,0.0823795
1.7875,0.0340339
-3.245,-0.0617847
3.22667,0.0614356
-2.46583,-0.0469494
1.16417,0.0221657
0.825,0.015708
-3.62083,-0.0689405
-0.586667,-0.0111701
-0.275,-0.00523599
-2.0075,-0.0382227
0.155833,0.00296706
-0.669167,-0.0127409
1.75083,0.0333358
-0.146667,-0.00279253
-0.843333,-0.016057
1.87,0.0356047
0.238333,0.00453786
-1.65917,-0.0315905
-1.2925,-0.0246091
0.641667,0.0122173
0.916667,0.0174533
-2.26417,-0.0431096
-0.806667,-0.0153589
3.19917,0.060912
-0.055,-0.0010472
-0.0825,-0.0015708
2.12667,0.0404916
-0.944167,-0.0179769
1.77833,0.0338594
-1.10917,-0.0211185
0.595833,0.0113446
-1.35667,-0.0258309
-1.35667,-0.0258309
-0.623333,-0.0118682
-1.7875,-0.0340339
2.57583,0.0490438
-2.27333,-0.0432842
0.385,0.00733038
0.385,0.00733038
0.5775,0.0109956
2.95167,0.0561996
0.174167,0.00331613
3.41,0.0649262
-1.4025,-0.0267035
2.93333,0.0558505
-0.284167,-0.00541052
2.92417,0.055676
2.92417,0.055676
1.79667,0.0342085
-2.02583,-0.0385718
-0.44,-0.00837758
-1.8975,-0.0361283
0.559167,0.0106465
-1.61333,-0.0307178
0.88,0.0167552
0.88,0.0167552
-0.128333,-0.00244346
-0.476667,-0.00907571
0,0
-0.5225,-0.00994838
0.0183333,0.000349066
-0.605,-0.0115192
-0.605,-0.0115192
-0.889167,-0.0169297
2.45667,0.0467748
-0.669167,-0.0127409
1.2925,0.0246091
-1.63167,-0.0310669
1.5675,0.0298451
2.4475,0.0466003
12.705,0.241903
9.91833,0.188845
4.77583,0.0909317
2.1725,0.0413643
4.63833,0.0883137
-3.51083,-0.0668461
4.07,0.0774926
-3.0525,-0.0581195
4.68417,0.0891863
-2.52083,-0.0479966
-2.29167,-0.0436332
0.650833,0.0123918
0.495,0.00942478
3.86833,0.0736529
-2.86,-0.0544543
2.3925,0.0455531
-3.96,-0.0753982
4.9775,0.0947714
-4.33583,-0.0825541
1.705,0.0324631
-0.861667,-0.0164061
0.614167,0.0116937
4.62917,0.0881391
-2.87833,-0.0548033
4.08833,0.0778417
-4.00583,-0.0762709
3.96917,0.0755728
-2.67667,-0.0509636
-0.678333,-0.0129154
-2.21833,-0.042237
-3.70333,-0.0705113
3.96,0.0753982
-4.17083,-0.0794125
4.02417,0.07662
-1.76,-0.0335103
2.89667,0.0551524
0.9075,0.0172788
-3.50167,-0.0666716
2.64,0.0502655
-2.76833,-0.0527089
3.44667,0.0656244
-1.80583,-0.034383
3.96917,0.0755728
3.08,0.0586431
-1.41167,-0.0268781
3.70333,0.0705113
-3.25417,-0.0619592
-0.7975,-0.0151844
2.8325,0.0539307
-2.3925,-0.0455531
2.98833,0.0568977
-3.80417,-0.0724312
3.905,0.074351
-3.66667,-0.0698132
-3.7675,-0.071733
2.34667,0.0446804
-4.83083,-0.0919789
2.97,0.0565487
-3.2175,-0.0612611
-4.05167,-0.0771436
2.2275,0.0424115
-0.861667,-0.0164061
4.38167,0.0834267
-1.815,-0.0345575
-1.265,-0.0240855
0.715,0.0136136
-3.62083,-0.0689405
4.33583,0.0825541
2.54833,0.0485202
-2.9975,-0.0570723
3.15333,0.0600393
-2.92417,-0.055676
-1.71417,-0.0326377
-1.375,-0.0261799
-4.44583,-0.0846485
3.26333,0.0621337
-4.675,-0.0890118
-2.26417,-0.0431096
2.23667,0.042586
-3.85917,-0.0734784
2.40167,0.0457276
0.953333,0.0181514
-3.95083,-0.0752237
2.73167,0.0520108
-2.31,-0.0439823
5.68333,0.10821
0.66,0.0125664
-2.57583,-0.0490438
3.85,0.0733038
-2.12667,-0.0404916
-2.26417,-0.0431096
1.265,0.0240855
-3.11667,-0.0593412
2.71333,0.0516617
2.71333,0.0516617
1.65917,0.0315905
3.92333,0.0747001
-2.79583,-0.0532325
-0.806667,-0.0153589
0.2475,0.00471239
-3.75833,-0.0715585
-3.75833,-0.0715585
-2.41083,-0.0459022
-2.97,-0.0565487
3.2175,0.0612611
-3.56583,-0.0678933
0.861667,0.0164061
4.14333,0.0788889
-3.52917,-0.0671952
-2.23667,-0.042586
-0.623333,-0.0118682
-3.135,-0.0596903
0.6875,0.01309
0.6875,0.01309
-0.788333,-0.0150098
4.4,0.0837758
-2.20917,-0.0420624
-2.7775,-0.0528835
3.96917,0.0755728
-3.80417,-0.0724312
1.22833,0.0233874
1.7325,0.0329867
1.7325,0.0329867
4.51917,0.0860447
-3.9325,-0.0748746
-2.79583,-0.0532325
-2.79583,-0.0532325
-2.805,-0.0534071
2.54833,0.0485202
-0.339167,-0.00645772
-3.61167,-0.068766
2.53917,0.0483456
4.16167,0.0792379
-3.03417,-0.0577704
-3.03417,-0.0577704
-3.72167,-0.0708604
3.77667,0.0719076
1.6775,0.0319395
-2.8875,-0.0549779
-0.128333,-0.00244346
-2.96083,-0.0563741
-2.96083,-0.0563741
1.87917,0.0357792
2.1725,0.0413643
-3.11667,-0.0593412
2.9975,0.0570723
-0.320833,-0.00610865
-0.320833,-0.00610865
2.51167,0.047822
-1.80583,-0.034383
1.155,0.0219911
3.4375,0.0654498
-4.19833,-0.0799361
2.37417,0.045204
3.245,0.0617847
-3.3,-0.0628319
3.355,0.0638791
1.46667,0.0279253
-2.1175,-0.0403171
4.02417,0.07662
-0.8525,-0.0162316
0.614167,0.0116937
-1.1275,-0.0214675
-0.476667,-0.00907571
1.55833,0.0296706
4.29917,0.0818559
4.29917,0.0818559
3.48333,0.0663225
1.4575,0.0277507
-2.79583,-0.0532325
3.7675,0.071733
-3.94167,-0.0750492
2.9975,0.0570723
1.27417,0.0242601
-2.26417,-0.0431096
2.08083,0.039619
-0.430833,-0.00820305
-2.04417,-0.0389208
0.055,0.0010472
-0.751667,-0.0143117
-1.0175,-0.0193732
1.87917,0.0357792
-2.2825,-0.0434587
0.916667,0.0174533
4.17083,0.0794125
-2.95167,-0.0561996
-1.33833,-0.0254818
3.56583,0.0678933
-2.74083,-0.0521853
4.16167,0.0792379
3.00667,0.0572468
-2.43833,-0.0464258
1.08167,0.0205949
1.99833,0.0380482
-1.85167,-0.0352557
3.18083,0.0605629
-0.5775,-0.0109956
-4.35417,-0.0829031
3.45583,0.0657989
-2.07167,-0.0394444
1.595,0.0303687
-1.43,-0.0272271
-1.43,-0.0272271
4.0425,0.076969
2.38333,0.0453786
-2.38333,-0.0453786
4.49167,0.0855211
0.513333,0.00977384
0.513333,0.00977384
4.03333,0.0767945
-3.00667,-0.0572468
-1.06333,-0.0202458
2.09,0.0397935
-3.09833,-0.0589921
-0.055,-0.0010472
1.49417,0.0284489
-2.42,-0.0460767
2.01667,0.0383972
-0.348333,-0.00663225
0.421667,0.00802851
3.72167,0.0708604
-2.89667,-0.0551524
2.5025,0.0476475
0.284167,0.00541052
0.861667,0.0164061
-2.2275,-0.0424115
2.16333,0.0411898
-2.09917,-0.039968
-2.05333,-0.0390954
2.02583,0.0385718
-3.92333,-0.0747001
-0.678333,-0.0129154
0.88,0.0167552
-4.32667,-0.0823795
1.1275,0.0214675
-0.641667,-0.0122173
1.11833,0.021293
4.565,0.0869174
0.559167,0.0106465
2.54833,0.0485202
4.3175,0.082205
-3.58417,-0.0682424
-1.75083,-0.0333358
2.75,0.0523599
-2.86,-0.0544543
-1.68667,-0.0321141
1.32,0.0251327
-1.50333,-0.0286234
3.72167,0.0708604
-0.650833,-0.0123918
-3.355,-0.0638791
3.30917,0.0630064
2.10833,0.0401426
-2.74083,-0.0521853
1.4025,0.0267035
1.16417,0.0221657
1.16417,0.0221657
2.64917,0.05044
-4.3725,-0.0832522
0.183333,0.00349066
0.0825,0.0015708
0.348333,0.00663225
10.3492,0.197048
7.98417,0.152018
7.21417,0.137357
10.1108,0.19251
9.82667,0.187099
7.6725,0.146084
6.74667,0.128456
-1.22833,-0.0233874
7.425,0.141372
4.17083,0.0794125
1.5675,0.0298451
6.56333,0.124966
1.11833,0.021293
5.98583,0.11397
4.7025,0.0895354
2.32833,0.0443314
5.6925,0.108385
2.32833,0.0443314
3.3,0.0628319
5.64667,0.107512
-0.3575,-0.00680678
6.27,0.119381
2.13583,0.0406662
2.89667,0.0551524
5.24333,0.0998328
3.47417,0.066148
5.38083,0.102451
5.5,0.10472
1.42083,0.0270526
2.48417,0.0472984
5.48167,0.104371
0,0
6.215,0.118333
-0.825,-0.015708
3.95083,0.0752237
3.09833,0.0589921
2.86,0.0544543
4.52833,0.0862193
4.25333,0.0809833
1.66833,0.031765
6.55417,0.124791
-0.0275,-0.000523599
1.2375,0.0235619
3.75833,0.0715585
1.83333,0.0349066
-0.284167,-0.00541052
5.61,0.106814
0.165,0.00314159
4.76667,0.0907571
1.24667,0.0237365
2.02583,0.0385718
5.46333,0.104022
1.5675,0.0298451
0.7425,0.0141372
4.44583,0.0846485
-0.4125,-0.00785398
-0.0183333,-0.000349066
2.53917,0.0483456
0.0825,0.0015708
5.26167,0.100182
1.74167,0.0331613
-1.0175,-0.0193732
2.86917,0.0546288
1.27417,0.0242601
0.055,0.0010472
4.11583,0.0783653
2.0075,0.0382227
0.8525,0.0162316
2.75,0.0523599
1.28333,0.0244346
-0.0458333,-0.000872665
3.52,0.0670206
1.14583,0.0218166
-0.165,-0.00314159
5.04167,0.0959931
-0.696667,-0.0132645
1.06333,0.0202458
1.57667,0.0300197
0.33,0.00628319
1.03583,0.0197222
2.19083,0.0417134
0.293333,0.00558505
4.25333,0.0809833
3.94167,0.0750492
-1.63167,-0.0310669
3.5475,0.0675442
0.100833,0.00191986
0.0733333,0.00139626
1.8425,0.0350811
1.03583,0.0197222
1.0725,0.0204204
2.585,0.0492183
0.678333,0.0129154
-0.3575,-0.00680678
3.2175,0.0612611
2.1725,0.0413643
2.2825,0.0434587
3.56583,0.0678933
-0.705833,-0.013439
3.62083,0.0689405
2.8325,0.0539307
2.8325,0.0539307
3.69417,0.0703368
1.06333,0.0202458
1.06333,0.0202458
1.57667,0.0300197
1.54917,0.0294961
1.65917,0.0315905
2.98833,0.0568977
3.4375,0.0654498
-0.0275,-0.000523599
2.64917,0.05044
4.2075,0.0801106
-2.29167,-0.0436332
3.34583,0.0637045
2.035,0.0387463
-1.43917,-0.0274017
1.68667,0.0321141
-1.16417,-0.0221657
-0.0183333,-0.000349066
1.57667,0.0300197
0.256667,0.00488692
1.11833,0.021293
0.3575,0.00680678
1.2925,0.0246091
0.265833,0.00506145
-0.889167,-0.0169297
0.100833,0.00191986
-1.55833,-0.0296706
4.33583,0.0825541
2.3375,0.0445059
-0.88,-0.0167552
3.83167,0.0729548
1.485,0.0282743
1.13667,0.0216421
1.5125,0.0287979
-1.6225,-0.0308923
-0.311667,-0.00593412
-1.08167,-0.0205949
-1.08167,-0.0205949
1.5125,0.0287979
-0.861667,-0.0164061
1.1275,0.0214675
-0.485833,-0.00925025
0,0
0,0
0,0
0,0
-0.0825,-0.0015708
-0.229167,-0.00436332
-0.146667,-0.00279253
0.495,0.00942478
-3.30917,-0.0630064
-0.476667,-0.00907571
-2.53,-0.0481711
-2.86917,-0.0546288
-2.65833,-0.0506145
-0.119167,-0.00226893
0.0733333,0.00139626
0.375833,0.00715585
0.375833,0.00715585
0.055,0.0010472
-3.39167,-0.0645772
-3.355,-0.0638791
-3.7125,-0.0706858
-1.64083,-0.0312414
-2.365,-0.0450295
-2.70417,-0.0514872
-2.70417,-0.0514872
-2.38333,-0.0453786
-2.035,-0.0387463
-4.95917,-0.0944223
-4.95917,-0.0944223
-6.60917,-0.125838
-6.16,-0.117286
-3.20833,-0.0610865
-5.21583,-0.0993092
-2.90583,-0.0553269
-4.30833,-0.0820305
-5.09667,-0.0970403
-7.03083,-0.133867
-4.5375,-0.0863938
-4.5375,-0.0863938
-7.36083,-0.14015
-4.8125,-0.0916298
-4.99583,-0.0951204
-2.2275,-0.0424115
2.60333,0.0495674
-3.03417,-0.0577704
-3.03417,-0.0577704
-1.96167,-0.03735
-0.128333,-0.00244346
-0.11,-0.0020944
-1.03583,-0.0197222
-0.669167,-0.0127409
-0.256667,-0.00488692
0.0825,0.0015708
-0.953333,-0.0181514
0.0641667,0.00122173
-0.128333,-0.00244346
-0.155833,-0.00296706
-0.2475,-0.00471239
-0.2475,-0.00471239
-1.36583,-0.0260054
1.65917,0.0315905
-2.7775,-0.0528835
2.4475,0.0466003
0.394167,0.00750492
1.6775,0.0319395
-2.8875,-0.0549779
1.9525,0.0371755
-1.1275,-0.0214675
-2.48417,-0.0472984
-2.29167,-0.0436332
0.760833,0.0144862
-0.678333,-0.0129154
1.24667,0.0237365
-0.9625,-0.018326
1.44833,0.0275762
1.44833,0.0275762
0.66,0.0125664
-1.87,-0.0356047
1.06333,0.0202458
-0.7425,-0.0141372
1.2925,0.0246091
-0.806667,-0.0153589
0.0366667,0.000698132
0.0366667,0.000698132
0.650833,0.0123918
-0.678333,-0.0129154
0.256667,0.00488692
-1.0175,-0.0193732
0.146667,0.00279253
0.311667,0.00593412
-0.339167,-0.00645772
0.210833,0.00401426
0.100833,0.00191986
0.265833,0.00506145
-0.1925,-0.00366519
0.495,0.00942478
-2.0625,-0.0392699
0.971667,0.0185005
-0.183333,-0.00349066
-2.85083,-0.0542797
3.0525,0.0581195
-3.025,-0.0575959
2.64,0.0502655
-2.53,-0.0481711
3.3825,0.0644026
-2.5575,-0.0486947
2.12667,0.0404916
2.16333,0.0411898
-2.45667,-0.0467748
-2.45667,-0.0467748
-3.97833,-0.0757473
3.64833,0.0694641
-1.36583,-0.0260054
2.24583,0.0427606
-0.760833,-0.0144862
0.66,0.0125664
1.7325,0.0329867
-1.72333,-0.0328122
1.44833,0.0275762
-0.623333,-0.0118682
0.944167,0.0179769
0.825,0.015708
-1.0175,-0.0193732
0.0733333,0.00139626
-0.449167,-0.00855211
-0.449167,-0.00855211
-0.256667,-0.00488692
-0.375833,-0.00715585
-0.210833,-0.00401426
-0.430833,-0.00820305
-0.3575,-0.00680678
1.00833,0.0191986
-1.31083,-0.0249582
1.4575,0.0277507
-1.96167,-0.03735
-0.595833,-0.0113446
0.0275,0.000523599
-1.87,-0.0356047
2.56667,0.0488692
-2.30083,-0.0438078
-2.2825,-0.0434587
-2.49333,-0.047473
-2.97917,-0.0567232
0.898333,0.0171042
-1.6225,-0.0308923
1.60417,0.0305433
2.09,0.0397935
2.09,0.0397935
2.805,0.0534071
-4.07,-0.0774926
2.09917,0.039968
-0.889167,-0.0169297
0.6325,0.0120428
2.81417,0.0535816
-3.85917,-0.0734784
-0.944167,-0.0179769
-8.40583,-0.160047
-5.06917,-0.0965167
-7.77333,-0.148004
-9.24917,-0.176104
-5.73833,-0.109258
-8.6075,-0.163886
-9.02917,-0.171915
-7.15917,-0.13631
-8.53417,-0.16249
-2.7225,-0.0518363
-3.59333,-0.0684169
-0.293333,-0.00558505
-3.53833,-0.0673697
-4.5925,-0.087441
-3.56583,-0.0678933
-3.37333,-0.0642281
-3.09833,-0.0589921
-5.93083,-0.112923
-4.65667,-0.0886627
-1.11833,-0.021293
-5.555,-0.105767
-4.99583,-0.0951204
-1.53083,-0.029147
-5.27083,-0.100356
-3.40083,-0.0647517
-8.20417,-0.156207
-6.9025,-0.131423
-9.955,-0.189543
-6.77417,-0.12898
-8.39667,-0.159872
-9.56083,-0.182038
-6.77417,-0.12898
-11.7792,-0.224275
-7.79167,-0.148353
-6.83833,-0.130202
1.66833,0.031765
-8.34167,-0.158825
-2.805,-0.0534071
-4.66583,-0.0888373
-5.98583,-0.11397
-1.31083,-0.0249582
-7.90167,-0.150447
-7.90167,-0.150447
-1.46667,-0.0279253
-3.61167,-0.068766
-1.0175,-0.0193732
-1.94333,-0.037001
-1.94333,-0.037001
-1.87,-0.0356047
-4.62,-0.0879646
-2.07167,-0.0394444
-2.97,-0.0565487
-2.97,-0.0565487
-0.495,-0.00942478
-5.2525,-0.100007
-5.4175,-0.103149
-0.055,-0.0010472
-6.985,-0.132994
-2.38333,-0.0453786
-3.6575,-0.0696386
-4.62917,-0.0881391
-3.48333,-0.0663225
-1.97083,-0.0375246
-2.97917,-0.0567232
0.44,0.00837758
-7.03083,-0.133867
-1.4025,-0.0267035
-1.25583,-0.023911
-4.60167,-0.0876155
-4.58333,-0.0872665
-4.675,-0.0890118
-5.89417,-0.112225
0.055,0.0010472
-2.62167,-0.0499164
-2.75917,-0.0525344
-0.00916667,-0.000174533
-0.834167,-0.0158825
-3.41917,-0.0651008
-0.495,-0.00942478
-5.39917,-0.1028
0.77,0.0146608
0.999167,0.0190241
-3.96917,-0.0755728
0.385,0.00733038
-1.46667,-0.0279253
-2.75917,-0.0525344
0.348333,0.00663225
-0.916667,-0.0174533
-0.696667,-0.0132645
3.795,0.0722566
7.71833,0.146957
7.73667,0.147306
12.0725,0.22986
7.3975,0.140848
7.4525,0.141895
8.53417,0.16249
7.77333,0.148004
12.3933,0.235969
10.3858,0.197746
4.60167,0.0876155
3.4375,0.0654498
0.504167,0.00959931
-1.55833,-0.0296706
2.05333,0.0390954
-1.35667,-0.0258309
-2.20917,-0.0420624
-0.146667,-0.00279253
-2.48417,-0.0472984
2.255,0.0429351
-2.41083,-0.0459022
-2.43833,-0.0464258
3.47417,0.066148
-2.1725,-0.0413643
3.11667,0.0593412
-0.22,-0.00418879
1.3475,0.0256563
9.86333,0.187797
10.1017,0.192335
10.1017,0.192335
4.57417,0.0870919
-0.724167,-0.0137881
16.3717,0.311716
16.3717,0.311716
10.3675,0.197397
9.90917,0.18867
8.86417,0.168773
3.45583,0.0657989
-3.245,-0.0617847
3.52917,0.0671952
-0.916667,-0.0174533
4.2075,0.0801106
1.5125,0.0287979
1.5125,0.0287979
4.0425,0.076969
-1.32,-0.0251327
-4.16167,-0.0792379
3.63917,0.0692896
-3.42833,-0.0652753
2.85083,0.0542797
-4.07917,-0.0776672
-2.08083,-0.039619
2.97,0.0565487
-1.25583,-0.023911
2.7775,0.0528835
-2.53917,-0.0483456
-3.66667,-0.0698132
0.4675,0.00890118
-0.0458333,-0.000872665
-0.953333,-0.0181514
1.88833,0.0359538
-0.6875,-0.01309
1.36583,0.0260054
-0.733333,-0.0139626
-2.12667,-0.0404916
1.595,0.0303687
0.476667,0.00907571
-1.28333,-0.0244346
1.38417,0.0263545
-1.05417,-0.0200713
0.119167,0.00226893
-0.4675,-0.00890118
-0.430833,-0.00820305
0.99,0.0188496
-1.22833,-0.0233874
0.5775,0.0109956
1.11833,0.021293
-0.889167,-0.0169297
0.504167,0.00959931
0.504167,0.00959931
1.155,0.0219911
0.128333,0.00244346
0.128333,0.00244346
0.0458333,0.000872665
-0.55,-0.010472
1.06333,0.0202458
0.476667,0.00907571
-0.2475,-0.00471239
0.11,0.0020944
-0.953333,-0.0181514
0.4125,0.00785398
-0.650833,-0.0123918
-1.24667,-0.0237365
0.7975,0.0151844
0.9625,0.018326
-1.155,-0.0219911
1.35667,0.0258309
-0.403333,-0.00767945
-0.650833,-0.0123918
-0.128333,-0.00244346
-1.705,-0.0324631
0.7975,0.0151844
0.7975,0.0151844
-2.29167,-0.0436332
3.04333,0.0579449
1.0725,0.0204204
2.29167,0.0436332
0.614167,0.0116937
0.339167,0.00645772
-1.13667,-0.0216421
2.56667,0.0488692
-1.46667,-0.0279253
1.71417,0.0326377
3.01583,0.0574213
-2.75917,-0.0525344
3.75833,0.0715585
-0.0458333,-0.000872665
-0.0458333,-0.000872665
3.1075,0.0591667
0.55,0.010472
-3.74,-0.0712094
1.7875,0.0340339
-3.12583,-0.0595157
-2.95167,-0.0561996
-0.430833,-0.00820305
-4.40917,-0.0839503
3.41,0.0649262
-2.07167,-0.0394444
-2.98833,-0.0568977
2.6125,0.0497419
-2.13583,-0.0406662
-1.5125,-0.0287979
2.35583,0.044855
2.35583,0.044855
-1.87917,-0.0357792
1.1,0.020944
-1.72333,-0.0328122
0.2475,0.00471239
1.595,0.0303687
-1.54,-0.0293215
-1.31083,-0.0249582
1.03583,0.0197222
1.03583,0.0197222
-0.696667,-0.0132645
0.284167,0.00541052
-0.751667,-0.0143117
0.980833,0.018675
0.100833,0.00191986
-0.531667,-0.0101229
1.2925,0.0246091
-0.210833,-0.00401426
-0.449167,-0.00855211
-0.449167,-0.00855211
-0.815833,-0.0155334
-0.0733333,-0.00139626
-0.210833,-0.00401426
0.11,0.0020944
-0.275,-0.00523599
0,0
-0.0641667,-0.00122173
-0.201667,-0.00383972
1.64083,0.0312414
4.18,0.079587
10.45,0.198968
9.77167,0.186052
11.6508,0.221831
16.4908,0.313985
9.09333,0.173137
3.465,0.0659734
0.861667,0.0164061
-0.284167,-0.00541052
0.421667,0.00802851
-2.0075,-0.0382227
0.815833,0.0155334
-1.69583,-0.0322886
-0.055,-0.0010472
1.99833,0.0380482
2.46583,0.0469494
-1.91583,-0.0364774
2.1725,0.0413643
-1.76,-0.0335103
-1.91583,-0.0364774
1.97083,0.0375246
0.275,0.00523599
0.238333,0.00453786
2.01667,0.0383972
-1.705,-0.0324631
1.4575,0.0277507
0,0
0,0
0.504167,0.00959931
-0.0366667,-0.000698132
0.0275,0.000523599
-0.174167,-0.00331613
-1.64083,-0.0312414
1.93417,0.0368264
0.861667,0.0164061
-0.815833,-0.0155334
2.75,0.0523599
-1.17333,-0.0223402
0.449167,0.00855211
1.925,0.0366519
-1.41167,-0.0268781
2.3375,0.0445059
-1.55833,-0.0296706
0.11,0.0020944
3.00667,0.0572468
-1.705,-0.0324631
2.01667,0.0383972
2.01667,0.0383972
0.339167,0.00645772
1.13667,0.0216421
0.0916667,0.00174533
2.475,0.0471239
0.293333,0.00558505
-0.22,-0.00418879
-1.4025,-0.0267035
1.00833,0.0191986
-1.16417,-0.0221657
0.128333,0.00244346
1.30167,0.0247837
-0.256667,-0.00488692
1.1275,0.0214675
-0.284167,-0.00541052
0.8525,0.0162316
-0.430833,-0.00820305
1.5675,0.0298451
-0.999167,-0.0190241
0.055,0.0010472
-0.980833,-0.018675
-0.586667,-0.0111701
0.531667,0.0101229
0.430833,0.00820305
0.210833,0.00401426
0.430833,0.00820305
0.174167,0.00331613
0.971667,0.0185005
0.311667,0.00593412
0.403333,0.00767945
-1.19167,-0.0226893
0.311667,0.00593412
0.229167,0.00436332
0.11,0.0020944
0.0183333,0.000349066
-0.0916667,-0.00174533
-1.32917,-0.0253073
-1.32917,-0.0253073
-0.9625,-0.018326
-0.623333,-0.0118682
-2.16333,-0.0411898
-0.66,-0.0125664
-1.28333,-0.0244346
-1.28333,-0.0244346
-1.58583,-0.0301942
2.81417,0.0535816
-1.91583,-0.0364774
3.03417,0.0577704
-1.265,-0.0240855
-0.9625,-0.018326
-1.47583,-0.0280998
-1.47583,-0.0280998
1.28333,0.0244346
-0.394167,-0.00750492
0.155833,0.00296706
1.76,0.0335103
0.605,0.0115192
-1.14583,-0.0218166
1.21917,0.0232129
-1.31083,-0.0249582
1.5125,0.0287979
0.641667,0.0122173
0.4125,0.00785398
0.421667,0.00802851
-1.54917,-0.0294961
1.00833,0.0191986
-1.21,-0.0230383
1.87,0.0356047
-0.0916667,-0.00174533
-1.03583,-0.0197222
-0.11,-0.0020944
-1.55833,-0.0296706
2.08083,0.039619
-0.843333,-0.016057
1.44833,0.0275762
-0.7425,-0.0141372
0.201667,0.00383972
-0.339167,-0.00645772
-0.834167,-0.0158825
0.284167,0.00541052
-1.16417,-0.0221657
0.476667,0.00907571
-1.3475,-0.0256563
-0.11,-0.0020944
2.78667,0.053058
-1.74167,-0.0331613
1.66833,0.031765
-2.08083,-0.039619
1.35667,0.0258309
1.8975,0.0361283
-0.0458333,-0.000872665
2.695,0.0513127
-1.09083,-0.0207694
2.96083,0.0563741
-1.35667,-0.0258309
-1.90667,-0.0363028
2.51167,0.047822
-1.6775,-0.0319395
0.0825,0.0015708
-0.595833,-0.0113446
0.641667,0.0122173
1.66833,0.031765
-1.76,-0.0335103
-0.119167,-0.00226893
-0.100833,-0.00191986
-1.27417,-0.0242601
0.99,0.0188496
-1.14583,-0.0218166
1.13667,0.0216421
-0.733333,-0.0139626
-1.60417,-0.0305433
2.42,0.0460767
-0.540833,-0.0102974
-0.806667,-0.0153589
-0.4675,-0.00890118
-1.17333,-0.0223402
1.705,0.0324631
-1.20083,-0.0228638
-1.5125,-0.0287979
2.31917,0.0441568
-1.4575,-0.0277507
0.641667,0.0122173
-1.63167,-0.0310669
-0.733333,-0.0139626
2.365,0.0450295
2.365,0.0450295
1.14583,0.0218166
-2.45667,-0.0467748
-0.458333,-0.00872665
2.27333,0.0432842
-0.6875,-0.01309
0.724167,0.0137881
1.4575,0.0277507
-1.65917,-0.0315905
-0.311667,-0.00593412
-2.145,-0.0408407
-1.87917,-0.0357792
2.04417,0.0389208
-1.6225,-0.0308923
-0.696667,-0.0132645
1.96167,0.03735
-1.2375,-0.0235619
-0.22,-0.00418879
1.54,0.0293215
1.54,0.0293215
0.715,0.0136136
0.0733333,0.00139626
-0.99,-0.0188496
2.07167,0.0394444
-1.815,-0.0345575
2.32833,0.0443314
-0.971667,-0.0185005
-1.71417,-0.0326377
0.119167,0.00226893
-2.07167,-0.0394444
-2.07167,-0.0394444
-0.165,-0.00314159
-1.6225,-0.0308923
0.999167,0.0190241
-1.485,-0.0282743
-1.82417,-0.0347321
2.59417,0.0493928
2.59417,0.0493928
0.6875,0.01309
2.09,0.0397935
-1.31083,-0.0249582
1.30167,0.0247837
1.21,0.0230383
-0.385,-0.00733038
0.815833,0.0155334
0.586667,0.0111701
-0.559167,-0.0106465
2.04417,0.0389208
-2.41083,-0.0459022
-2.41083,-0.0459022
2.0625,0.0392699
0.0825,0.0015708
0.925833,0.0176278
0.7975,0.0151844
-0.843333,-0.016057
0.458333,0.00872665
-0.165,-0.00314159
-1.11833,-0.021293
1.31083,0.0249582
-0.5775,-0.0109956
-2.21833,-0.042237
1.72333,0.0328122
2.37417,0.045204
2.75,0.0523599
-1.24667,-0.0237365
2.6675,0.0507891
-1.57667,-0.0300197
-0.2475,-0.00471239
1.0725,0.0204204
0.256667,0.00488692
-0.0275,-0.000523599
0.1925,0.00366519
-0.348333,-0.00663225
0.88,0.0167552
1.9525,0.0371755
-1.485,-0.0282743
1.82417,0.0347321
-1.53083,-0.029147
-0.971667,-0.0185005
1.32917,0.0253073
0.614167,0.0116937
-0.9625,-0.018326
1.53083,0.029147
-1.14583,-0.0218166
-0.476667,-0.00907571
2.035,0.0387463
-0.88,-0.0167552
0.449167,0.00855211
0.4125,0.00785398
0.2475,0.00471239
0.495,0.00942478
0.513333,0.00977384
0.0825,0.0015708
0.870833,0.0165806
0.201667,0.00383972
-1.46667,-0.0279253
1.52167,0.0289725
-0.385,-0.00733038
0.3575,0.00680678
0.3575,0.00680678
-1.98917,-0.0378736
-0.1925,-0.00366519
1.60417,0.0305433
-0.77,-0.0146608
-0.898333,-0.0171042
0.311667,0.00593412
3.355,0.0638791
10.5967,0.20176
11.825,0.225147
8.1125,0.154462
11.4767,0.218515
4.84,0.0921534
-3.04333,-0.0579449
2.2,0.0418879
-2.0075,-0.0382227
-2.87833,-0.0548033
1.44833,0.0275762
-3.0525,-0.0581195
-3.41917,-0.0651008
9.31333,0.177325
-0.5225,-0.00994838
11.5775,0.220435
12.6958,0.241728
5.39917,0.1028
8.04833,0.15324
2.32833,0.0443314
1.72333,0.0328122
0.0458333,0.000872665
0.0458333,0.000872665
1.815,0.0345575
-1.77833,-0.0338594
0.540833,0.0102974
1.31083,0.0249582
-2.035,-0.0387463
1.91583,0.0364774
-0.861667,-0.0164061
-1.32,-0.0251327
2.01667,0.0383972
-0.540833,-0.0102974
0.128333,0.00244346
2.27333,0.0432842
-1.5675,-0.0298451
1.99833,0.0380482
2.09917,0.039968
-1.43917,-0.0274017
1.41167,0.0268781
-0.870833,-0.0165806
-1.85167,-0.0352557
1.6225,0.0308923
2.24583,0.0427606
-1.7325,-0.0329867
2.255,0.0429351
-2.87833,-0.0548033
-3.52,-0.0670206
2.85083,0.0542797
-1.6225,-0.0308923
1.64083,0.0312414
3.41917,0.0651008
-2.7775,-0.0528835
2.3925,0.0455531
1.80583,0.034383
-3.04333,-0.0579449
-3.04333,-0.0579449
3.7125,0.0706858
-2.2275,-0.0424115
4.79417,0.0912807
-1.43917,-0.0274017
-2.3375,-0.0445059
2.89667,0.0551524
3.61167,0.068766
-2.01667,-0.0383972
4.51917,0.0860447
-4.55583,-0.0867429
3.41,0.0649262
4.1525,0.0790634
-3.36417,-0.0640536
-1.49417,-0.0284489
1.4025,0.0267035
-3.09833,-0.0589921
2.59417,0.0493928
-0.916667,-0.0174533
-3.3825,-0.0644026
3.0525,0.0581195
-3.37333,-0.0642281
-3.00667,-0.0572468
3.50167,0.0666716
-0.375833,-0.00715585
-0.375833,-0.00715585
4.07917,0.0776672
-3.5475,-0.0675442
0.4125,0.00785398
3.85,0.0733038
-1.7325,-0.0329867
1.77833,0.0338594
2.64,0.0502655
3.4925,0.066497
0.889167,0.0169297
-0.311667,-0.00593412
1.43917,0.0274017
-3.33667,-0.06353
-3.77667,-0.0719076
3.7675,0.071733
-2.40167,-0.0457276
2.51167,0.047822
2.81417,0.0535816
-2.57583,-0.0490438
-1.5125,-0.0287979
1.57667,0.0300197
-1.13667,-0.0216421
-0.0825,-0.0015708
0.77,0.0146608
-2.23667,-0.042586
1.91583,0.0364774
-1.03583,-0.0197222
-1.265,-0.0240855
0.953333,0.0181514
0.953333,0.0181514
0.595833,0.0113446
0.6325,0.0120428
-0.834167,-0.0158825
0.210833,0.00401426
0.22,0.00418879
-1.13667,-0.0216421
0.339167,0.00645772
0.339167,0.00645772
0.311667,0.00593412
0.165,0.00314159
0.834167,0.0158825
-0.394167,-0.00750492
0.0458333,0.000872665
0.696667,0.0132645
-0.485833,-0.00925025
0.806667,0.0153589
1.03583,0.0197222
-0.476667,-0.00907571
1.41167,0.0268781
0.724167,0.0137881
-0.504167,-0.00959931
0.834167,0.0158825
0.99,0.0188496
-0.55,-0.010472
0.449167,0.00855211
0.88,0.0167552
0.311667,0.00593412
0.815833,0.0155334
-0.275,-0.00523599
0.4675,0.00890118
-0.0183333,-0.000349066
-0.614167,-0.0116937
0.5225,0.00994838
0.5225,0.00994838
0.586667,0.0111701
0.183333,0.00349066
0.1375,0.00261799
0.66,0.0125664
0.504167,0.00959931
0.284167,0.00541052
1.32917,0.0253073
0.4125,0.00785398
-0.641667,-0.0122173
-1.31083,-0.0249582
0,0
-1.05417,-0.0200713
1.9525,0.0371755
1.72333,0.0328122
-1.6775,-0.0319395
1.2925,0.0246091
1.16417,0.0221657
-0.980833,-0.018675
1.60417,0.0305433
0.834167,0.0158825
-1.43,-0.0272271
2.21833,0.042237
5.665,0.107861
6.08667,0.11589
8.70833,0.165806
14.5383,0.276809
8.37833,0.159523
11.7058,0.222879
16.94,0.322537
12.43,0.236667
11.495,0.218864
15.5742,0.296531
11.6142,0.221133
16.6467,0.316952
12.98,0.247139
12.98,0.247139
12.1275,0.230907
13.64,0.259705
10.9908,0.209265
9.20333,0.175231
11.99,0.228289
11.4033,0.217119
12.7233,0.242252
11.9717,0.22794
10.1383,0.193033
14.1808,0.270002
14.7308,0.280474
14.7308,0.280474
15.8767,0.302291
10.4133,0.198269
12.485,0.237714
14.575,0.277507
13.4567,0.256214
12.045,0.229336
14.96,0.284838
16.6925,0.317824
10.4133,0.198269
8.8,0.167552
0.476667,0.00907571
1.75083,0.0333358
0.595833,0.0113446
0.275,0.00523599
1.74167,0.0331613
9.56083,0.182038
16.115,0.306829
9.66167,0.183958
12.4758,0.237539
3.40083,0.0647517
12.0817,0.230034
9.16667,0.174533
8.36917,0.159349
13.7133,0.261101
14.41,0.274366
8.305,0.158127
15.6383,0.297753
14.6117,0.278205
10.78,0.205251
10.285,0.195826
14.3733,0.273668
13.3375,0.253945
8.48833,0.161617
13.4933,0.256912
10.7158,0.204029
10.4408,0.198793
11.9992,0.228464
12.8333,0.244346
12.7417,0.242601
11.2475,0.214152
15.6842,0.298626
13.4658,0.256389
11.6142,0.221133
11.7608,0.223926
13.9975,0.266512
16.2067,0.308574
11.1742,0.212756
12.6867,0.241554
14.575,0.277507
13.7775,0.262323
14.1625,0.269653
3.0525,0.0581195
1.05417,0.0200713
1.20083,0.0228638
0,0
0.366667,0.00698132
1.265,0.0240855
4.63833,0.0883137
12.9525,0.246615
12.815,0.243997
9.24917,0.176104
13.915,0.264941
11.0367,0.210138
14.465,0.275413
11.0183,0.209789
10.7342,0.204378
12.8425,0.244521
14.2358,0.27105
10.1108,0.19251
11.4675,0.218341
11.3483,0.216072
12.485,0.237714
12.0725,0.22986
12.0725,0.22986
13.2092,0.251502
10.5233,0.200364
15.29,0.291121
14.7858,0.281522
14.7858,0.281522
2.29167,0.0436332
1.88833,0.0359538
3.685,0.0701622
10.9725,0.208916
17.0592,0.324806
9.88167,0.188146
13.5758,0.258483
17.7742,0.338419
13.6125,0.259181
11.9992,0.228464
13.2917,0.253073
14.3733,0.273668
14.3733,0.273668
12.265,0.233525
13.5025,0.257087
15.895,0.30264
17.05,0.324631
16.005,0.304734
13.9792,0.266163
7.30583,0.139103
9.42333,0.17942
4.36333,0.0830777
0.715,0.0136136
0,0
0,0
0,0
0,0
0,0
-0.00916667,-0.000174533
10.7433,0.204553
16.0783,0.306131
8.67167,0.165108
13.2092,0.251502
11.715,0.223053
10.1475,0.193208
12.265,0.233525
11.22,0.213628
12.6317,0.240506
13.3467,0.25412
11.8342,0.225322
12.87,0.245044
14.7858,0.281522
12.4942,0.237888
12.4483,0.237016
13.64,0.259705
13.4475,0.25604
11.6783,0.222355
12.0083,0.228638
14.8867,0.283441
10.7525,0.204727
14.4925,0.275937
14.9875,0.285361
12.3383,0.234921
6.27917,0.119555
11.7333,0.223402
10.6608,0.202982
11.44,0.217817
11.9625,0.227765
14.0892,0.268257
9.5425,0.181689
0.825,0.015708
3.20833,0.0610865
3.20833,0.0610865
1.265,0.0240855
1.21917,0.0232129
1.60417,0.0305433
-1.08167,-0.0205949
2.37417,0.045204
-1.815,-0.0345575
1.265,0.0240855
-0.980833,-0.018675
-0.980833,-0.018675
-1.50333,-0.0286234
1.25583,0.023911
-0.0366667,-0.000698132
1.5125,0.0287979
-0.210833,-0.00401426
1.2925,0.0246091
0.165,0.00314159
0.7425,0.0141372
0.1925,0.00366519
3.03417,0.0577704
0.385,0.00733038
-0.504167,-0.00959931
0.174167,0.00331613
0.0916667,0.00174533
0.320833,0.00610865
0.650833,0.0123918
0.834167,0.0158825
1.0725,0.0204204
1.41167,0.0268781
0.870833,0.0165806
-0.843333,-0.016057
2.32833,0.0443314
-2.98833,-0.0568977
2.12667,0.0404916
-2.6125,-0.0497419
2.27333,0.0432842
-2.10833,-0.0401426
1.93417,0.0368264
0.0183333,0.000349066
-5.24333,-0.0998328
-3.905,-0.074351
-13.4933,-0.256912
-7.9475,-0.15132
-9.86333,-0.187797
-6.655,-0.126711
-10.5967,-0.20176
-13.9792,-0.266163
-11.55,-0.219911
-7.205,-0.137183
-5.2525,-0.100007
1.54,0.0293215
-3.00667,-0.0572468
2.07167,0.0394444
-0.944167,-0.0179769
-0.944167,-0.0179769
-1.3475,-0.0256563
-0.348333,-0.00663225
0.834167,0.0158825
-0.77,-0.0146608
1.17333,0.0223402
-0.0641667,-0.00122173
-0.210833,-0.00401426
-0.284167,-0.00541052
0.119167,0.00226893
0.8525,0.0162316
-0.146667,-0.00279253
0.678333,0.0129154
0.128333,0.00244346
-0.605,-0.0115192
1.27417,0.0242601
0.055,0.0010472
0.146667,0.00279253
-0.256667,-0.00488692
0.0916667,0.00174533
0.531667,0.0101229
-0.458333,-0.00872665
0.7975,0.0151844
-0.4125,-0.00785398
0.430833,0.00820305
-0.339167,-0.00645772
-0.311667,-0.00593412
1.03583,0.0197222
-0.559167,-0.0106465
-0.559167,-0.0106465
0.999167,0.0190241
0.055,0.0010472
0.559167,0.0106465
0.385,0.00733038
0.504167,0.00959931
-0.44,-0.00837758
0.55,0.010472
0.394167,0.00750492
-1.3475,-0.0256563
1.19167,0.0226893
-0.33,-0.00628319
-0.229167,-0.00436332
1.46667,0.0279253
-0.348333,-0.00663225
1.0175,0.0193732
-0.6875,-0.01309
0.476667,0.00907571
1.38417,0.0263545
-0.2475,-0.00471239
1.265,0.0240855
-1.54,-0.0293215
-1.32917,-0.0253073
1.54,0.0293215
-1.54917,-0.0294961
0.4125,0.00785398
0.980833,0.018675
-2.31,-0.0439823
1.705,0.0324631
-2.09,-0.0397935
-0.898333,-0.0171042
1.595,0.0303687
-2.40167,-0.0457276
1.72333,0.0328122
-0.449167,-0.00855211
-0.449167,-0.00855211
2.12667,0.0404916
-2.38333,-0.0453786
1.71417,0.0326377
1.91583,0.0364774
-2.78667,-0.053058
1.85167,0.0352557
-3.58417,-0.0682424
0.275,0.00523599
1.72333,0.0328122
-2.82333,-0.0537561
2.6675,0.0507891
1.815,0.0345575
-3.7675,-0.071733
3.04333,0.0579449
0.7975,0.0151844
2.23667,0.042586
2.63083,0.0500909
-1.925,-0.0366519
0.375833,0.00715585
0.751667,0.0143117
-2.1175,-0.0403171
2.34667,0.0446804
-1.09083,-0.0207694
1.64083,0.0312414
2.19083,0.0417134
-1.63167,-0.0310669
-1.63167,-0.0310669
2.21833,0.042237
-2.45667,-0.0467748
0.9625,0.018326
-1.16417,-0.0221657
-1.14583,-0.0218166
-5.94917,-0.113272
-9.19417,-0.175057
-11.935,-0.227242
-10.1475,-0.193208
-11.7058,-0.222879
-10.8533,-0.206647
-5.09667,-0.0970403
-2.12667,-0.0404916
1.13667,0.0216421
1.86083,0.0354302
2.79583,0.0532325
1.24667,0.0237365
-1.1275,-0.0214675
0.66,0.0125664
0.128333,0.00244346
-0.5225,-0.00994838
-0.201667,-0.00383972
-0.0366667,-0.000698132
-0.55,-0.010472
0.210833,0.00401426
-1.03583,-0.0197222
0,0
-0.375833,-0.00715585
-1.5125,-0.0287979
0.44,0.00837758
-0.898333,-0.0171042
-1.11833,-0.021293
0.449167,0.00855211
-1.76917,-0.0336849
-0.0641667,-0.00122173
0.980833,0.018675
-1.83333,-0.0349066
0.339167,0.00645772
0.339167,0.00645772
-1.8975,-0.0361283
0.834167,0.0158825
1.00833,0.0191986
-1.4025,-0.0267035
1.69583,0.0322886
-1.31083,-0.0249582
-1.55833,-0.0296706
0.925833,0.0176278
-1.43,-0.0272271
-0.3575,-0.00680678
1.66833,0.031765
-1.85167,-0.0352557
-1.4575,-0.0277507
2.035,0.0387463
-1.90667,-0.0363028
-1.13667,-0.0216421
1.49417,0.0284489
-0.394167,-0.00750492
0.861667,0.0164061
0.9075,0.0172788
-0.119167,-0.00226893
-0.586667,-0.0111701
-0.0183333,-0.000349066
-1.49417,-0.0284489
0.3575,0.00680678
1.69583,0.0322886
-1.87,-0.0356047
0.77,0.0146608
2.26417,0.0431096
-1.25583,-0.023911
1.82417,0.0347321
-0.256667,-0.00488692
-1.1825,-0.0225147
2.32833,0.0443314
2.02583,0.0385718
0.375833,0.00715585
3.575,0.0680678
-3.64833,-0.0694641
0.256667,0.00488692
3.08917,0.0588176
-0.715,-0.0136136
-2.67667,-0.0509636
1.265,0.0240855
-2.5025,-0.0476475
-0.366667,-0.00698132
0.339167,0.00645772
0.0641667,0.00122173
-0.559167,-0.0106465
-0.348333,-0.00663225
-1.4575,-0.0277507
0.935,0.0178024
-1.41167,-0.0268781
-1.925,-0.0366519
-1.19167,-0.0226893
0.825,0.015708
-1.54,-0.0293215
2.31,0.0439823
-0.00916667,-0.000174533
-2.0075,-0.0382227
2.6675,0.0507891
1.705,0.0324631
-1.4025,-0.0267035
1.38417,0.0263545
0.843333,0.016057
-0.88,-0.0167552
1.90667,0.0363028
0.99,0.0188496
-0.751667,-0.0143117
1.46667,0.0279253
-3.00667,-0.0572468
1.82417,0.0347321
1.69583,0.0322886
-2.60333,-0.0495674
0.1925,0.00366519
0,0
-2.84167,-0.0541052
0.99,0.0188496
-0.0641667,-0.00122173
-2.3375,-0.0445059
1.485,0.0282743
-1.76,-0.0335103
-2.8325,-0.0539307
1.6775,0.0319395
-1.61333,-0.0307178
-3.14417,-0.0598648
3.14417,0.0598648
-0.4675,-0.00890118
-2.07167,-0.0394444
1.63167,0.0310669
-2.95167,-0.0561996
1.98,0.0376991
1.63167,0.0310669
1.63167,0.0310669
2.43833,0.0464258
2.43833,0.0464258
-1.30167,-0.0247837
1.90667,0.0363028
0.0733333,0.00139626
-2.98833,-0.0568977
1.485,0.0282743
-1.11833,-0.021293
-2.90583,-0.0553269
0.5225,0.00994838
2.53,0.0481711
-2.86,-0.0544543
2.64917,0.05044
-2.4475,-0.0466003
-2.4475,-0.0466003
3.41917,0.0651008
3.41917,0.0651008
3.52,0.0670206
0.733333,0.0139626
-2.32833,-0.0443314
3.1075,0.0591667
0.2475,0.00471239
-2.60333,-0.0495674
-7.16833,-0.136485
-13.255,-0.252375
-7.37,-0.140324
-8.8825,-0.169122
-8.4975,-0.161792
-7.77333,-0.148004
-8.085,-0.153938
-9.1575,-0.174358
-2.65833,-0.0506145
-0.458333,-0.00872665
-2.52083,-0.0479966
0,0
0.531667,0.0101229
-0.1925,-0.00366519
-0.284167,-0.00541052
-1.27417,-0.0242601
-1.27417,-0.0242601
-1.77833,-0.0338594
0.5225,0.00994838
0.5225,0.00994838
-2.62167,-0.0499164
-2.3375,-0.0445059
-1.65917,-0.0315905
-2.73167,-0.0520108
-0.595833,-0.0113446
1.14583,0.0218166
-2.70417,-0.0514872
2.1725,0.0413643
-1.6775,-0.0319395
-3.19,-0.0607375
2.1725,0.0413643
-3.14417,-0.0598648
-3.14417,-0.0598648
0.0825,0.0015708
-0.8525,-0.0162316
1.43917,0.0274017
-3.36417,-0.0640536
1.38417,0.0263545
-0.229167,-0.00436332
-0.229167,-0.00436332
-0.733333,-0.0139626
2.30083,0.0438078
-0.66,-0.0125664
-1.42083,-0.0270526
1.03583,0.0197222
-2.6125,-0.0497419
-2.6125,-0.0497419
-1.0175,-0.0193732
1.75083,0.0333358
-2.4475,-0.0466003
1.54917,0.0294961
-0.8525,-0.0162316
2.07167,0.0394444
0.0825,0.0015708
1.485,0.0282743
-0.458333,-0.00872665
1.8975,0.0361283
-0.55,-0.010472
-5.27083,-0.100356
-8.7725,-0.167028
-5.48167,-0.104371
-4.565,-0.0869174
-7.62667,-0.145211
-6.88417,-0.131074
-5.1975,-0.0989602
-2.76833,-0.0527089
-0.385,-0.00733038
-0.605,-0.0115192
-1.54917,-0.0294961
-6.69167,-0.127409
-3.26333,-0.0621337
-1.595,-0.0303687
0.861667,0.0164061
-2.37417,-0.045204
-0.843333,-0.016057
-3.52,-0.0670206
-1.1275,-0.0214675
-0.669167,-0.0127409
-0.779167,-0.0148353
-0.2475,-0.00471239
-1.77833,-0.0338594
-1.77833,-0.0338594
-2.89667,-0.0551524
0.815833,0.0155334
-2.805,-0.0534071
0.77,0.0146608
-4.52833,-0.0862193
2.54833,0.0485202
-2.34667,-0.0446804
2.04417,0.0389208
2.04417,0.0389208
0.788333,0.0150098
-3.5475,-0.0675442
0.595833,0.0113446
-0.614167,-0.0116937
0.394167,0.00750492
-2.26417,-0.0431096
-1.1,-0.020944
0.0916667,0.00174533
-1.06333,-0.0202458
-0.0641667,-0.00122173
-1.72333,-0.0328122
-1.22833,-0.0233874
-0.476667,-0.00907571
-2.64917,-0.05044
2.64917,0.05044
-4.88583,-0.093026
2.68583,0.0511381
-3.48333,-0.0663225
2.24583,0.0427606
-2.62167,-0.0499164
1.43,0.0272271
-4.61083,-0.0877901
-0.7975,-0.0151844
1.9525,0.0371755
-2.89667,-0.0551524
1.22833,0.0233874
-1.58583,-0.0301942
-0.3575,-0.00680678
0.0183333,0.000349066
-1.08167,-0.0205949
-0.0641667,-0.00122173
-0.385,-0.00733038
-0.495,-0.00942478
1.46667,0.0279253
-2.62167,-0.0499164
0.55,0.010472
-3.50167,-0.0666716
0.0825,0.0015708
2.2275,0.0424115
-2.48417,-0.0472984
0.210833,0.00401426
-2.87833,-0.0548033
2.6125,0.0497419
1.09083,0.0207694
0.7975,0.0151844
-2.01667,-0.0383972
-3.47417,-0.066148
1.98917,0.0378736
-2.93333,-0.0558505
-0.870833,-0.0165806
-0.229167,-0.00436332
-1.77833,-0.0338594
-0.669167,-0.0127409
-1.11833,-0.021293
-0.696667,-0.0132645
-0.284167,-0.00541052
-0.559167,-0.0106465
-0.623333,-0.0118682
-0.586667,-0.0111701
-1.9525,-0.0371755
-0.916667,-0.0174533
-0.696667,-0.0132645
-4.07917,-0.0776672
2.13583,0.0406662
-4.06083,-0.0773181
2.695,0.0513127
-3.135,-0.0596903
-4.55583,-0.0867429
3.4925,0.066497
-2.60333,-0.0495674
-0.458333,-0.00872665
-1.20083,-0.0228638
-5.72,-0.108909
2.35583,0.044855
-4.2075,-0.0801106
2.6675,0.0507891
1.595,0.0303687
0.229167,0.00436332
1.21,0.0230383
-1.2375,-0.0235619
-1.2375,-0.0235619
-0.119167,-0.00226893
-0.00916667,-0.000174533
-0.33,-0.00628319
0.531667,0.0101229
0.22,0.00418879
-1.5675,-0.0298451
0.696667,0.0132645
-2.60333,-0.0495674
-0.265833,-0.00506145
-1.65917,-0.0315905
-2.23667,-0.042586
1.8425,0.0350811
-2.97917,-0.0567232
-2.5025,-0.0476475
2.53917,0.0483456
-2.6675,-0.0507891
1.815,0.0345575
8.69,0.165457
7.535,0.143466
7.63583,0.145386
9.23083,0.175755
7.08583,0.134914
8.75417,0.166679
12.6042,0.239983
11.9258,0.227067
10.78,0.205251
12.0083,0.228638
9.41417,0.179245
7.7275,0.147131
14.8683,0.283092
10.45,0.198968
10.45,0.198968
6.05917,0.115366
-0.458333,-0.00872665
-1.1275,-0.0214675
1.265,0.0240855
-4.51917,-0.0860447
-4.76667,-0.0907571
3.00667,0.0572468
-4.785,-0.0911062
4.24417,0.0808087
-5.29833,-0.10088
0.605,0.0115192
2.805,0.0534071
-2.6125,-0.0497419
3.30917,0.0630064
-2.86,-0.0544543
-2.10833,-0.0401426
2.93333,0.0558505
-3.04333,-0.0579449
-3.15333,-0.0600393
2.7225,0.0518363
-0.0916667,-0.00174533
-3.06167,-0.058294
-3.06167,-0.058294
-3.53833,-0.0673697
-1.05417,-0.0200713
1.13667,0.0216421
-1.8425,-0.0350811
0.4675,0.00890118
-0.7425,-0.0141372
-3.51083,-0.0668461
2.57583,0.0490438
-1.97083,-0.0375246
-3.94167,-0.0750492
3.00667,0.0572468
-4.21667,-0.0802851
-1.54,-0.0293215
3.06167,0.058294
-2.2,-0.0418879
2.64917,0.05044
0.971667,0.0185005
-2.86917,-0.0546288
2.43833,0.0464258
-1.46667,-0.0279253
-1.98,-0.0376991
3.55667,0.0677188
-0.100833,-0.00191986
-0.6875,-0.01309
1.68667,0.0321141
-1.32,-0.0251327
0.7425,0.0141372
0.7975,0.0151844
-0.944167,-0.0179769
0.476667,0.00907571
0.705833,0.013439
-1.47583,-0.0280998
0.889167,0.0169297
0.311667,0.00593412
-1.25583,-0.023911
0.77,0.0146608
-1.25583,-0.023911
-1.52167,-0.0289725
1.43,0.0272271
-1.09083,-0.0207694
-2.42,-0.0460767
2.3375,0.0445059
-2.915,-0.0555015
-2.57583,-0.0490438
1.8425,0.0350811
-2.10833,-0.0401426
-1.16417,-0.0221657
2.365,0.0450295
2.365,0.0450295
0.953333,0.0181514
1.36583,0.0260054
-2.255,-0.0429351
3.00667,0.0572468
0.586667,0.0111701
0.385,0.00733038
1.65917,0.0315905
0.540833,0.0102974
-2.68583,-0.0511381
2.035,0.0387463
0,0
0.0275,0.000523599
2.30083,0.0438078
-1.31083,-0.0249582
1.65,0.0314159
0.999167,0.0190241
-1.4575,-0.0277507
-0.6875,-0.01309
0.055,0.0010472
-1.2925,-0.0246091
-0.210833,-0.00401426
-2.3375,-0.0445059
0.495,0.00942478
0.394167,0.00750492
0.0275,0.000523599
-1.32,-0.0251327
1.02667,0.0195477
-0.403333,-0.00767945
0.751667,0.0143117
2.035,0.0387463
-2.29167,-0.0436332
1.49417,0.0284489
-1.33833,-0.0254818
-1.97083,-0.0375246
-0.0825,-0.0015708
-1.61333,-0.0307178
-1.86083,-0.0354302
1.13667,0.0216421
0.238333,0.00453786
-1.5125,-0.0287979
0.705833,0.013439
0.8525,0.0162316
-0.6325,-0.0120428
0.614167,0.0116937
0.3575,0.00680678
-0.146667,-0.00279253
0.669167,0.0127409
-0.715,-0.0136136
0.825,0.015708
-0.751667,-0.0143117
-0.293333,-0.00558505
1.27417,0.0242601
-0.403333,-0.00767945
0.33,0.00628319
1.045,0.0198968
-0.751667,-0.0143117
0.696667,0.0132645
0.44,0.00837758
-0.623333,-0.0118682
0.9075,0.0172788
-0.0275,-0.000523599
-0.7975,-0.0151844
-0.421667,-0.00802851
-0.1375,-0.00261799
-0.0183333,-0.000349066
0.825,0.015708
0.531667,0.0101229
-0.7975,-0.0151844
-0.293333,-0.00558505
0.00916667,0.000174533
-1.28333,-0.0244346
-0.4125,-0.00785398
0.22,0.00418879
-0.8525,-0.0162316
1.485,0.0282743
-0.348333,-0.00663225
-1.045,-0.0198968
-0.0183333,-0.000349066
-0.33,-0.00628319
-1.30167,-0.0247837
0.760833,0.0144862
1.06333,0.0202458
-0.00916667,-0.000174533
-0.00916667,-0.000174533
-1.705,-0.0324631
1.32917,0.0253073
1.00833,0.0191986
-1.52167,-0.0289725
1.14583,0.0218166
0.485833,0.00925025
-0.806667,-0.0153589
0.623333,0.0118682
-0.229167,-0.00436332
-0.0641667,-0.00122173
0.1925,0.00366519
-0.669167,-0.0127409
-0.0641667,-0.00122173
0.128333,0.00244346
-0.4675,-0.00890118
0.348333,0.00663225
0.348333,0.00663225
-0.3575,-0.00680678
0.320833,0.00610865
1.1275,0.0214675
-0.889167,-0.0169297
1.16417,0.0221657
0.788333,0.0150098
-0.5775,-0.0109956
1.21917,0.0232129
0.9625,0.018326
-0.678333,-0.0129154
1.68667,0.0321141
0.705833,0.013439
-0.0641667,-0.00122173
-0.705833,-0.013439
0.559167,0.0106465
0.293333,0.00558505
-0.751667,-0.0143117
-0.751667,-0.0143117
-1.10917,-0.0211185
1.30167,0.0247837
1.155,0.0219911
-0.4125,-0.00785398
1.41167,0.0268781
-0.403333,-0.00767945
0.366667,0.00698132
0.889167,0.0169297
-0.293333,-0.00558505
-0.174167,-0.00331613
0.22,0.00418879
-0.238333,-0.00453786
-0.100833,-0.00191986
0.9625,0.018326
0.0275,0.000523599
0.0825,0.0015708
0.0825,0.0015708
-0.22,-0.00418879
-0.00916667,-0.000174533
0.3025,0.00575959
0.4675,0.00890118
-0.980833,-0.018675
1.3475,0.0256563
0.0366667,0.000698132
-0.504167,-0.00959931
1.42083,0.0270526
0.5775,0.0109956
-1.1,-0.020944
1.32,0.0251327
-0.568333,-0.010821
-0.265833,-0.00506145
0.788333,0.0150098
0.100833,0.00191986
0.385,0.00733038
0.385,0.00733038
-0.504167,-0.00959931
1.36583,0.0260054
1.22833,0.0233874
-1.00833,-0.0191986
-0.183333,-0.00349066
0.6875,0.01309
-1.1,-0.020944
1.72333,0.0328122
-0.476667,-0.00907571
-0.0366667,-0.000698132
0.935,0.0178024
-0.889167,-0.0169297
0.275,0.00523599
0.0183333,0.000349066
-0.641667,-0.0122173
0.605,0.0115192
0.5775,0.0109956
-0.724167,-0.0137881
0.843333,0.016057
0.861667,0.0164061
-0.348333,-0.00663225
1.155,0.0219911
1.16417,0.0221657
-1.49417,-0.0284489
1.8425,0.0350811
1.8425,0.0350811
-1.4025,-0.0267035
1.43917,0.0274017
0.4675,0.00890118
0.5775,0.0109956
1.16417,0.0221657
-0.944167,-0.0179769
-1.57667,-0.0300197
1.0725,0.0204204
-0.485833,-0.00925025
1.55833,0.0296706
0.11,0.0020944
-0.348333,-0.00663225
-0.375833,-0.00715585
1.11833,0.021293
-0.843333,-0.016057
0.476667,0.00907571
-1.1275,-0.0214675
-1.11833,-0.021293
1.17333,0.0223402
-0.100833,-0.00191986
0.715,0.0136136
0.128333,0.00244346
-0.531667,-0.0101229
0.815833,0.0155334
0.595833,0.0113446
-0.201667,-0.00383972
0.540833,0.0102974
0.4125,0.00785398
-0.5225,-0.00994838
-0.595833,-0.0113446
0.504167,0.00959931
0.3025,0.00575959
-0.22,-0.00418879
1.30167,0.0247837
-1.19167,-0.0226893
0.256667,0.00488692
0.760833,0.0144862
-0.669167,-0.0127409
0.531667,0.0101229
1.2375,0.0235619
-0.751667,-0.0143117
0.99,0.0188496
0.696667,0.0132645
0.210833,0.00401426
0.806667,0.0153589
0.348333,0.00663225
-1.49417,-0.0284489
0.77,0.0146608
-0.183333,-0.00349066
-1.4575,-0.0277507
1.16417,0.0221657
0.1925,0.00366519
-1.47583,-0.0280998
1.25583,0.023911
-1.02667,-0.0195477
-0.4125,-0.00785398
0.55,0.010472
-0.449167,-0.00855211
0.595833,0.0113446
0.4125,0.00785398
-0.806667,-0.0153589
0.33,0.00628319
-0.229167,-0.00436332
-0.385,-0.00733038
0.614167,0.0116937
0.66,0.0125664
-1.0175,-0.0193732
0.9075,0.0172788
0.815833,0.0155334
-1.0175,-0.0193732
-1.98,-0.0376991
-0.100833,-0.00191986
-0.614167,-0.0116937
0.815833,0.0155334
1.30167,0.0247837
-0.430833,-0.00820305
0.898333,0.0171042
1.05417,0.0200713
-0.385,-0.00733038
0.559167,0.0106465
0.0183333,0.000349066
0.100833,0.00191986
0.275,0.00523599
0.559167,0.0106465
-0.540833,-0.0102974
0.3025,0.00575959
0.3025,0.00575959
-1.39333,-0.026529
0.724167,0.0137881
0.724167,0.0137881
-0.421667,-0.00802851
1.21,0.0230383
-0.476667,-0.00907571
-0.595833,-0.0113446
0.476667,0.00907571
-0.293333,-0.00558505
0.7975,0.0151844
0.449167,0.00855211
-0.165,-0.00314159
0,0
0.146667,0.00279253
-0.0916667,-0.00174533
-0.238333,-0.00453786
0.146667,0.00279253
-0.614167,-0.0116937
-10.285,-0.195826
-6.09583,-0.116064
-9.63417,-0.183434
-9.71667,-0.185005
-8.24083,-0.156905
-10.8533,-0.206647
-7.65417,-0.145735
-7.69083,-0.146433
-10.0833,-0.191986
-10.0833,-0.191986
-9.42333,-0.17942
-8.1125,-0.154462
-5.9125,-0.112574
-9.955,-0.189543
-9.16667,-0.174533
-9.11167,-0.173486
-9.79,-0.186401
-9.68917,-0.184481
-11.5775,-0.220435
-10.5325,-0.200538
-5.13333,-0.0977384
-5.82083,-0.110828
-7.02167,-0.133692
0.650833,0.0123918
-8.06667,-0.153589
-3.17167,-0.0603884
-1.9525,-0.0371755
-6.1325,-0.116763
0.201667,0.00383972
-7.1775,-0.136659
-0.449167,-0.00855211
-2.29167,-0.0436332
-5.72917,-0.109083
-0.641667,-0.0122173
-3.06167,-0.058294
-5.15167,-0.0980875
-0.265833,-0.00506145
-2.75917,-0.0525344
-5.3075,-0.101055
-1.155,-0.0219911
-5.0325,-0.0958186
-5.0325,-0.0958186
-0.980833,-0.018675
-4.94083,-0.0940732
-4.94083,-0.0940732
-0.485833,-0.00925025
-6.105,-0.116239
1.155,0.0219911
-5.10583,-0.0972148
-3.44667,-0.0656244
-0.825,-0.015708
-4.28083,-0.0815069
-1.64083,-0.0312414
0.183333,0.00349066
-4.76667,-0.0907571
1.1275,0.0214675
-2.65833,-0.0506145
-4.32667,-0.0823795
-0.77,-0.0146608
-0.834167,-0.0158825
-5.61,-0.106814
1.25583,0.023911
-4.95917,-0.0944223
-4.95917,-0.0944223
-1.2375,-0.0235619
-4.61083,-0.0877901
-0.715,-0.0136136
-1.265,-0.0240855
-2.73167,-0.0520108
-1.8975,-0.0361283
0.4125,0.00785398
-0.229167,-0.00436332
4.5375,0.0863938
2.68583,0.0511381
7.04,0.134041
11.3483,0.216072
6.37083,0.1213
12.1183,0.230733
7.87417,0.149924
4.72083,0.0898845
11.5408,0.219737
4.99583,0.0951204
12.0358,0.229162
9.35917,0.178198
4.84,0.0921534
9.46,0.180118
13.0533,0.248535
8.32333,0.158476
9.64333,0.183609
3.06167,0.058294
1.1825,0.0225147
0.0366667,0.000698132
0.22,0.00418879
0.476667,0.00907571
-5.12417,-0.0975639
2.82333,0.0537561
-3.63,-0.069115
-2.10833,-0.0401426
-0.128333,-0.00244346
-2.5575,-0.0486947
2.18167,0.0415388
2.45667,0.0467748
-3.84083,-0.0731293
1.98917,0.0378736
-2.15417,-0.0410152
3.64833,0.0694641
0.11,0.0020944
-3.15333,-0.0600393
-3.15333,-0.0600393
-3.56583,-0.0678933
3.39167,0.0645772
1.42083,0.0270526
-3.52917,-0.0671952
1.83333,0.0349066
-1.43917,-0.0274017
-0.980833,-0.018675
-0.0366667,-0.000698132
-1.7325,-0.0329867
1.4025,0.0267035
0.366667,0.00698132
0.99,0.0188496
2.4475,0.0466003
3.84083,0.0731293
9.00167,0.171391
10.8717,0.206996
11.9992,0.228464
11.4675,0.218341
11.3667,0.216421
12.9892,0.247313
8.13083,0.154811
9.47833,0.180467
12.32,0.234572
10.5417,0.200713
11.3208,0.215548
12.6775,0.241379
11.2383,0.213977
5.49083,0.104545
0.815833,0.0155334
0.0733333,0.00139626
-0.751667,-0.0143117
0.0275,0.000523599
1.2375,0.0235619
-1.21,-0.0230383
1.06333,0.0202458
1.24667,0.0237365
-1.03583,-0.0197222
0.0275,0.000523599
0.403333,0.00767945
-0.6875,-0.01309
2.38333,0.0453786
-0.870833,-0.0165806
-1.045,-0.0198968
2.40167,0.0457276
-2.59417,-0.0493928
1.045,0.0198968
-0.889167,-0.0169297
-1.93417,-0.0368264
1.6775,0.0319395
1.6775,0.0319395
-0.925833,-0.0176278
1.20083,0.0228638
-0.33,-0.00628319
0.201667,0.00383972
-0.1375,-0.00261799
-1.3475,-0.0256563
1.05417,0.0200713
-1.43,-0.0272271
-1.32917,-0.0253073
-0.0641667,-0.00122173
1.24667,0.0237365
-0.889167,-0.0169297
1.03583,0.0197222
1.3475,0.0256563
-1.1825,-0.0225147
1.54,0.0293215
1.485,0.0282743
-0.724167,-0.0137881
1.66833,0.031765
-2.0625,-0.0392699
0.825,0.015708
1.0725,0.0204204
-1.485,-0.0282743
-1.11833,-0.021293
-0.375833,-0.00715585
-2.145,-0.0408407
2.3375,0.0445059
2.3375,0.0445059
-2.365,-0.0450295
1.54,0.0293215
-1.8425,-0.0350811
0.238333,0.00453786
-0.1375,-0.00261799
-1.28333,-0.0244346
1.94333,0.037001
-1.65,-0.0314159
2.07167,0.0394444
2.2,0.0418879
-2.2275,-0.0424115
2.70417,0.0514872
1.79667,0.0342085
-1.375,-0.0261799
1.9525,0.0371755
-0.165,-0.00314159
-0.165,-0.00314159
1.57667,0.0300197
-0.0825,-0.0015708
0.559167,0.0106465
1.60417,0.0305433
1.60417,0.0305433
1.32,0.0251327
-1.83333,-0.0349066
-1.88833,-0.0359538
-2.20917,-0.0420624
-0.77,-0.0146608
1.72333,0.0328122
-0.0733333,-0.00139626
0.385,0.00733038
3.04333,0.0579449
-2.81417,-0.0535816
0.935,0.0178024
2.81417,0.0535816
-2.13583,-0.0406662
1.925,0.0366519
3.96917,0.0755728
-3.685,-0.0701622
3.685,0.0701622
-1.2375,-0.0235619
-3.85917,-0.0734784
-3.85917,-0.0734784
-3.85917,-0.0734784
-0.77,-0.0146608
-2.95167,-0.0561996
-2.8325,-0.0539307
1.31083,0.0249582
0.980833,0.018675
-3.59333,-0.0684169
1.30167,0.0247837
0.0733333,0.00139626
0.825,0.015708
2.31,0.0439823
1.98,0.0376991
-0.421667,-0.00802851
2.0625,0.0392699
-1.76,-0.0335103
-1.30167,-0.0247837
0.6325,0.0120428
-0.595833,-0.0113446
-1.1825,-0.0225147
2.20917,0.0420624
-2.15417,-0.0410152
-1.05417,-0.0200713
1.63167,0.0310669
-2.86,-0.0544543
-2.86,-0.0544543
2.4475,0.0466003
-0.715,-0.0136136
2.63083,0.0500909
2.63083,0.0500909
-3.8775,-0.0738274
2.93333,0.0558505
1.06333,0.0202458
-4.30833,-0.0820305
1.31083,0.0249582
-3.97833,-0.0757473
-2.54833,-0.0485202
2.52083,0.0479966
-3.6575,-0.0696386
-1.1,-0.020944
-1.1,-0.020944
-2.93333,-0.0558505
0.403333,0.00767945
0.275,0.00523599
0.275,0.00523599
2.21833,0.042237
-1.35667,-0.0258309
-0.320833,-0.00610865
2.035,0.0387463
-1.21,-0.0230383
-1.21,-0.0230383
2.0625,0.0392699
-1.85167,-0.0352557
-2.0625,-0.0392699
1.19167,0.0226893
-2.02583,-0.0385718
2.41083,0.0459022
-0.183333,-0.00349066
-2.81417,-0.0535816
-1.50333,-0.0286234
-0.971667,-0.0185005
-2.90583,-0.0553269
-0.531667,-0.0101229
3.03417,0.0577704
-3.20833,-0.0610865
-0.366667,-0.00698132
2.76833,0.0527089
-2.97,-0.0565487
-3.09833,-0.0589921
1.27417,0.0242601
9.79917,0.186576
12.9708,0.246964
10.6425,0.202633
18.7367,0.356745
18.7367,0.356745
8.43333,0.16057
12.54,0.238761
13.7958,0.262672
8.70833,0.165806
13.6492,0.25988
12.6592,0.24103
7.52583,0.143292
15.125,0.287979
14.2358,0.27105
12.0908,0.230209
15.9133,0.302989
11.9808,0.228115
9.7075,0.18483
14.3642,0.273493
14.6942,0.279776
7.03083,0.133867
14.9508,0.284663
13.97,0.265988
13.1267,0.249931
13.3283,0.253771
12.32,0.234572
11.6325,0.221482
13.3008,0.253247
11.5225,0.219388
11.5225,0.219388
13.0625,0.248709
13.9242,0.265116
11.4583,0.218166
12.54,0.238761
16.555,0.315206
13.86,0.263894
12.4117,0.236318
16.2067,0.308574
14.6667,0.279253
4.76667,0.0907571
1.30167,0.0247837
0,0
0,0
0,0
0.504167,0.00959931
0,0
0,0
0,0
0,0
0.284167,0.00541052
9.2675,0.176453
16.4633,0.313461
2.71333,0.0516617
5.21583,0.0993092
-1.925,-0.0366519
0.779167,0.0148353
-0.815833,-0.0155334
-0.366667,-0.00698132
1.94333,0.037001
1.94333,0.037001
3.0525,0.0581195
-0.5225,-0.00994838
-0.229167,-0.00436332
1.54,0.0293215
-2.365,-0.0450295
2.95167,0.0561996
-1.32917,-0.0253073
0.9075,0.0172788
-0.724167,-0.0137881
-1.85167,-0.0352557
0.1925,0.00366519
-1.31083,-0.0249582
2.26417,0.0431096
-1.9525,-0.0371755
2.63083,0.0500909
-0.834167,-0.0158825
-0.834167,-0.0158825
-0.155833,-0.00296706
1.7325,0.0329867
-0.229167,-0.00436332
1.14583,0.0218166
-0.256667,-0.00488692
-1.22833,-0.0233874
6.59083,0.125489
7.7825,0.148178
9.93667,0.189194
15.2167,0.289725
12.8883,0.245393
10.8625,0.206822
9.44167,0.179769
11.2017,0.213279
13.0442,0.24836
11.3392,0.215897
11.7333,0.223402
13.3558,0.254294
11.5408,0.219737
13.7683,0.262148
2.53,0.0481711
6.75583,0.128631
0.705833,0.013439
0,0
1.76917,0.0336849
12.6317,0.240506
13.6767,0.260403
13.09,0.249233
13.365,0.254469
10.1108,0.19251
12.5492,0.238936
12.32,0.234572
9.23083,0.175755
13.0442,0.24836
11.8067,0.224798
9.9,0.188496
6.5725,0.12514
2.53917,0.0483456
-0.476667,-0.00907571
0.724167,0.0137881
0,0
0.5775,0.0109956
0,0
0,0
0,0
0,0
0,0
0,0
0.0183333,0.000349066
0,0
-0.806667,-0.0153589
-0.146667,-0.00279253
-0.165,-0.00314159
0.394167,0.00750492
-0.0641667,-0.00122173
5.49083,0.104545
4.54667,0.0865683
10.0375,0.191114
10.1108,0.19251
10.9358,0.208218
11.6967,0.222704
11.44,0.217817
11.44,0.217817
10.7433,0.204553
12.6775,0.241379
9.845,0.187448
11.5958,0.220784
11.9258,0.227067
8.03,0.152891
12.0542,0.229511
11.3483,0.216072
10.5692,0.201236
10.3675,0.197397
13.4658,0.256389
11.7975,0.224624
12.3658,0.235445
13.5025,0.257087
12.9983,0.247488
11.5867,0.22061
4.65667,0.0886627
2.31,0.0439823
0.980833,0.018675
-0.3025,-0.00575959
0.5775,0.0109956
0.944167,0.0179769
0.595833,0.0113446
0.265833,0.00506145
0.650833,0.0123918
0.779167,0.0148353
0.22,0.00418879
0.605,0.0115192
-0.339167,-0.00645772
1.05417,0.0200713
-0.88,-0.0167552
0.4675,0.00890118
-0.696667,-0.0132645
0.0733333,0.00139626
-0.0825,-0.0015708
0.595833,0.0113446
-0.174167,-0.00331613
0.815833,0.0155334
1.05417,0.0200713
0.999167,0.0190241
-1.77833,-0.0338594
-1.77833,-0.0338594
0.366667,0.00698132
1.47583,0.0280998
11.1833,0.21293
12.9067,0.245742
11.55,0.219911
10.78,0.205251
3.61167,0.068766
-1.41167,-0.0268781
0.495,0.00942478
0,0
0,0
0,0
0,0
0,0
0,0
0,0
0,0
0,0
0,0
0,0
0,0
0,0
0,0
0,0
0,0
-0.0183333,-0.000349066
6.78333,0.129154
9.11167,0.173486
10.2483,0.195128
10.89,0.207345
6.4625,0.123046
-0.678333,-0.0129154
-0.724167,-0.0137881
1.22833,0.0233874
-0.504167,-0.00959931
-0.55,-0.010472
-0.1375,-0.00261799
0.430833,0.00820305
0.430833,0.00820305
2.08083,0.039619
-1.22833,-0.0233874
-0.971667,-0.0185005
1.54,0.0293215
-0.696667,-0.0132645
-0.889167,-0.0169297
-2.145,-0.0408407
-1.21,-0.0230383
2.13583,0.0406662
-1.39333,-0.026529
0.77,0.0146608
-0.925833,-0.0176278
1.485,0.0282743
1.36583,0.0260054
-2.12667,-0.0404916
1.77833,0.0338594
-1.925,-0.0366519
0.9075,0.0172788
-2.1175,-0.0403171
1.11833,0.021293
-0.1925,-0.00366519
-0.678333,-0.0129154
1.94333,0.037001
-0.944167,-0.0179769
0.99,0.0188496
-0.99,-0.0188496
2.31917,0.0441568
-1.36583,-0.0260054
1.61333,0.0307178
-1.09083,-0.0207694
1.42083,0.0270526
-1.925,-0.0366519
1.86083,0.0354302
-1.99833,-0.0380482
0.495,0.00942478
0.6875,0.01309
0.22,0.00418879
-0.6325,-0.0120428
1.10917,0.0211185
-0.5775,-0.0109956
1.76,0.0335103
-0.980833,-0.018675
2.09917,0.039968
-2.02583,-0.0385718
1.63167,0.0310669
-1.595,-0.0303687
0.760833,0.0144862
-1.58583,-0.0301942
0.815833,0.0155334
-1.33833,-0.0254818
0.7975,0.0151844
-0.1375,-0.00261799
0.0825,0.0015708
0.2475,0.00471239
-0.779167,-0.0148353
-1.02667,-0.0195477
-0.504167,-0.00959931
0.504167,0.00959931
-1.595,-0.0303687
0.00916667,0.000174533
-1.50333,-0.0286234
-0.495,-0.00942478
-0.861667,-0.0164061
-0.0366667,-0.000698132
-0.925833,-0.0176278
-0.925833,-0.0176278
-0.4125,-0.00785398
-0.4125,-0.00785398
1.98917,0.0378736
-1.5125,-0.0287979
0.935,0.0178024
-1.05417,-0.0200713
0.815833,0.0155334
0.531667,0.0101229
-0.935,-0.0178024
1.1825,0.0225147
-1.96167,-0.03735
0.586667,0.0111701
-1.925,-0.0366519
0.394167,0.00750492
0.00916667,0.000174533
-0.238333,-0.00453786
-0.155833,-0.00296706
-1.49417,-0.0284489
1.19167,0.0226893
-0.751667,-0.0143117
-0.513333,-0.00977384
-0.183333,-0.00349066
-1.22833,-0.0233874
-0.513333,-0.00977384
1.38417,0.0263545
-0.7975,-0.0151844
-0.0183333,-0.000349066
-2.3925,-0.0455531
2.0625,0.0392699
-1.045,-0.0198968
-2.70417,-0.0514872
-5.89417,-0.112225
-12.54,-0.238761
-11.9167,-0.226893
-10.2942,-0.196
-7.21417,-0.137357
-13.7133,-0.261101
-11.7333,-0.223402
-9.34083,-0.177849
-12.3933,-0.235969
-12.9433,-0.24644
-9.44167,-0.179769
-11.0642,-0.210661
-6.7925,-0.129329
-2.08083,-0.039619
0.2475,0.00471239
4.29,0.0816814
7.3425,0.139801
8.3325,0.15865
13.0075,0.247662
8.94667,0.170344
8.21333,0.156382
12.155,0.231431
10.3858,0.197746
9.90917,0.18867
12.0175,0.228813
10.12,0.192684
10.395,0.19792
11.3117,0.215374
12.0542,0.229511
9.91833,0.188845
12.6317,0.240506
13.6125,0.259181
8.76333,0.166853
12.5308,0.238587
13.7867,0.262498
9.60667,0.182911
2.2,0.0418879
3.19917,0.060912
-0.696667,-0.0132645
0,0
-0.385,-0.00733038
0,0
0,0
0,0
-0.183333,-0.00349066
0.8525,0.0162316
-0.0458333,-0.000872665
1.25583,0.023911
-2.49333,-0.047473
0.843333,0.016057
1.21,0.0230383
-1.74167,-0.0331613
0.7425,0.0141372
-0.595833,-0.0113446
-1.485,-0.0282743
1.2375,0.0235619
-1.49417,-0.0284489
-0.559167,-0.0106465
0.705833,0.013439
-1.10917,-0.0211185
-1.10917,-0.0211185
-1.57667,-0.0300197
0.0458333,0.000872665
1.1825,0.0225147
-0.724167,-0.0137881
2.365,0.0450295
-1.1825,-0.0225147
-2.90583,-0.0553269
-0.155833,-0.00296706
-2.5025,-0.0476475
1.6775,0.0319395
-2.30083,-0.0438078
3.465,0.0659734
-2.40167,-0.0457276
-2.40167,-0.0457276
-1.10917,-0.0211185
0.155833,0.00296706
-0.889167,-0.0169297
-2.695,-0.0513127
1.5675,0.0298451
-2.89667,-0.0551524
1.46667,0.0279253
-2.56667,-0.0488692
2.53,0.0481711
-3.245,-0.0617847
2.74083,0.0521853
-2.4475,-0.0466003
2.15417,0.0410152
-2.51167,-0.047822
-2.51167,-0.047822
-2.51167,-0.047822
-0.595833,-0.0113446
-9.46,-0.180118
-13.6308,-0.25953
-10.8442,-0.206472
-12.1183,-0.230733
-10.6608,-0.202982
-12.2283,-0.232827
-11.8158,-0.224973
-11.8158,-0.224973
-11.6875,-0.222529
-10.3492,-0.197048
-11.0825,-0.21101
-13.4475,-0.25604
-14.2725,-0.271748
-9.6525,-0.183783
-10.4408,-0.198793
-7.96583,-0.151669
-2.04417,-0.0389208
-2.70417,-0.0514872
0,0
-0.9625,-0.018326
0.339167,0.00645772
-0.669167,-0.0127409
-0.669167,-0.0127409
-10.7342,-0.204378
-14.7583,-0.280998
-11.8983,-0.226544
-12.8517,-0.244695
-12.2283,-0.232827
-13.2092,-0.251502
-12.3567,-0.23527
-12.1092,-0.230558
-12.6408,-0.240681
-11.0275,-0.209963
-11.3942,-0.216944
-11.8617,-0.225846
-9.30417,-0.177151
-12.0908,-0.230209
-12.6867,-0.241554
-4.8675,-0.092677
-0.77,-0.0146608
-1.1825,-0.0225147
0.779167,0.0148353
0,0
0.256667,0.00488692
-5.61917,-0.106989
-9.60667,-0.182911
-12.87,-0.245044
-11.9808,-0.228115
-12.6867,-0.241554
-4.08833,-0.0778417
-3.31833,-0.0631809
-0.449167,-0.00855211
-9.90917,-0.18867
-12.7325,-0.242426
-11.8983,-0.226544
-11.4217,-0.217468
-11.5225,-0.219388
-11.0458,-0.210312
-11.2475,-0.214152
-13.7592,-0.261974
-10.7983,-0.2056
-12.595,-0.239808
-14.1992,-0.270352
-8.2225,-0.156556
-3.59333,-0.0684169
-0.0733333,-0.00139626
0.0275,0.000523599
5.50917,0.104894
13.4567,0.256214
13.4567,0.256214
6.85667,0.130551
6.85667,0.130551
8.26833,0.157429
11.495,0.218864
11.3392,0.215897
10.2575,0.195302
8.02083,0.152716
11.0183,0.209789
8.4975,0.161792
10.12,0.192684
11,0.20944
7.07667,0.134739
-0.485833,-0.00925025
-0.485833,-0.00925025
0,0
0.055,0.0010472
0.128333,0.00244346
-1.65,-0.0314159
-0.696667,-0.0132645
1.06333,0.0202458
0.421667,0.00802851
0.421667,0.00802851
0.174167,0.00331613
0.00916667,0.000174533
-0.715,-0.0136136
-0.00916667,-0.000174533
0.183333,0.00349066
0.33,0.00628319
-0.174167,-0.00331613
0.055,0.0010472
-1.14583,-0.0218166
-0.238333,-0.00453786
-0.339167,-0.00645772
0.128333,0.00244346
-0.3025,-0.00575959
-0.953333,-0.0181514
-0.339167,-0.00645772
-0.623333,-0.0118682
0.339167,0.00645772
0.22,0.00418879
-0.0275,-0.000523599
0.595833,0.0113446
-0.8525,-0.0162316
0.11,0.0020944
-0.669167,-0.0127409
-0.4125,-0.00785398
-0.6325,-0.0120428
0.348333,0.00663225
0.348333,0.00663225
-0.678333,-0.0129154
0.0916667,0.00174533
0.1925,0.00366519
0.4675,0.00890118
-1.03583,-0.0197222
0.916667,0.0174533
-1.22833,-0.0233874
0.513333,0.00977384
-1.2925,-0.0246091
1.09083,0.0207694
-1.30167,-0.0247837
0.485833,0.00925025
-1.33833,-0.0254818
1.14583,0.0218166
-0.99,-0.0188496
0.540833,0.0102974
-1.87,-0.0356047
-1.87,-0.0356047
1.74167,0.0331613
-0.320833,-0.00610865
0.9075,0.0172788
-0.605,-0.0115192
-0.6875,-0.01309
-1.10917,-0.0211185
0.504167,0.00959931
-0.44,-0.00837758
-0.531667,-0.0101229
1.35667,0.0258309
-1.02667,-0.0195477
1.85167,0.0352557
1.98,0.0376991
-0.605,-0.0115192
0.2475,0.00471239
1.32,0.0251327
1.52167,0.0289725
-1.44833,-0.0275762
1.21917,0.0232129
-2.97917,-0.0567232
1.87,0.0356047
-2.62167,-0.0499164
1.83333,0.0349066
-2.60333,-0.0495674
1.90667,0.0363028
0.6325,0.0120428
-2.95167,-0.0561996
1.925,0.0366519
-1.43917,-0.0274017
0.843333,0.016057
1.65,0.0314159
-1.79667,-0.0342085
2.64,0.0502655
0.4125,0.00785398
2.08083,0.039619
1.25583,0.023911
1.3475,0.0256563
0.531667,0.0101229
0.531667,0.0101229
0.623333,0.0118682
-0.861667,-0.0164061
0.815833,0.0155334
-0.375833,-0.00715585
-0.623333,-0.0118682
0.806667,0.0153589
-1.2925,-0.0246091
-0.174167,-0.00331613
0.944167,0.0179769
-1.8975,-0.0361283
-0.11,-0.0020944
0.0825,0.0015708
0.385,0.00733038
0.11,0.0020944
0.11,0.0020944
-1.11833,-0.021293
-0.4675,-0.00890118
2.3375,0.0445059
-0.256667,-0.00488692
0.284167,0.00541052
-0.7975,-0.0151844
-0.7975,-0.0151844
0.9075,0.0172788
0.843333,0.016057
-0.6875,-0.01309
0,0
0,0
0,0
0,0
0,0
0,0
0,0
0,0
0,0
0,0
0,0
0,0
0,0
0,0
0,0
0,0
0,0
0,0
0,0
0,0
0,0
0,0
0,0
0,0
0,0
0,0
0,0
0,0
0,0
0,0
0,0
0,0
0,0
0,0
0,0
0,0
0,0
0,0
0,0
0,0
0,0
0,0
0,0
0,0
0,0
0,0
0,0
0,0
0,0
0,0
0,0
0,0
0,0
0,0
0,0
0,0
0,0
